Title,Link,Count 
The Latest Pixel Feature Drop Adds Dark Theme Scheduling and More, https://www.reviewgeek.com/36476/the-latest-pixel-feature-drop-adds-dark-theme-scheduling-and-more/, 359 
6 Great Fidget Toys for the Anxious and Bored, https://www.reviewgeek.com/35466/6-great-fidget-toys-for-the-anxious-and-bored/, 881 
Deal Alert: Grab Our Favorite 29-Watt RAVPower Battery for Just $22, https://www.reviewgeek.com/36264/deal-alert-grab-our-favorite-29-watt-ravpower-battery-for-just-22/, 235 
JOBY’s New Mobile Accessories Are Perfect for Vloggers and TikTok Fiends, https://www.reviewgeek.com/36422/jobys-new-mobile-accessories-are-perfect-for-vloggers-and-tiktok-fiends/, 449 
The 4 Best Apple Pencil Alternatives in 2020, https://www.reviewgeek.com/36107/the-4-best-apple-pencil-alternatives-in-2020/, 1039 
Someone Put a Nest Mini in a Rotary Phone Because Why Not?, https://www.reviewgeek.com/36277/someone-put-a-nest-mini-in-a-rotary-phone-because-why-not/, 358 
FX on Hulu Launches Today: Here’s What You Need to Know, https://www.howtogeek.com/659466/fx-on-hulu-launches-today-here%e2%80%99s-what-you-need-to-know/, 333 
YouTube TV Lands a Temporary Extension for FOX Regional Sports Networks, https://www.reviewgeek.com/36463/youtube-tv-lands-a-temporary-extension-for-fox-regional-sports-networks/, 363 
You Probably Won’t Get $25 From Apple’s iPhone Throttling Settlement, https://www.howtogeek.com/660160/you-probably-wont-get-25-from-apples-iphone-throttling-settlement/, 409 
Is It Really Worth Tracking Your Sleep?, https://www.howtogeek.com/658594/is-it-really-worth-tracking-your-sleep/, 855 
Deal Alert: Get a Refurbished Set of Airpods for $108 ($91 Off), https://www.reviewgeek.com/36428/deal-alert-get-a-refurbished-set-of-airpods-for-108-91-off/, 285 
How to Turn on the Samsung Galaxy S20’s 120Hz Display, https://www.howtogeek.com/660107/how-to-turn-on-the-samsung-galaxy-s20s-120hz-display/, 297 
Why Isn’t My iPhone Charging?, https://www.howtogeek.com/657592/why-isnt-my-iphone-charging/, 1210 
Vivo’s Apex 2020 Concept Phone Has a Gimbal Camera Optical Zoom and No Ports, https://www.reviewgeek.com/36266/vivos-apex-2020-concept-phone-has-a-gimbal-camera-optical-zoom-and-no-ports/, 341 
Here’s Everything Coming to Netflix This Week, https://www.lifesavvy.com/19884/heres-everything-coming-to-netflix-this-week-6/, 110 
Google Slashes the Pixel Slate Price And Bundles the Necessities for Free, https://www.reviewgeek.com/36475/google-slashes-the-pixel-slate-price-and-bundles-the-necessities-for-free/, 262 
AT&T TV is Everything You Hate About Cable but Streaming, https://www.reviewgeek.com/36423/att-tv-is-everything-you-hate-about-cable-but-streaming/, 465 
5 Games You Can Use the Konami Code in This Weekend, https://www.reviewgeek.com/36229/5-games-you-can-use-the-konami-code-in-this-weekend/, 783 
All of the Best Baby Yoda Gear We Could Find, https://www.reviewgeek.com/35843/all-of-the-best-baby-yoda-gear-we-could-find/, 285 
TicPods 2 Pro Review: Utterly Uninspiring, https://www.reviewgeek.com/35628/ticpods-2-pro-review-utterly-uninspiring/, 1733 
